file,kind,source_pack,size_kb,collider,lod1,lod2,tags
chata_r0_variant_02.glb,static,village_v2,506.3,colliders/chata_r0_variant_02.glb,lod/lod1/chata_r0_variant_02.glb,lod/lod2/chata_r0_variant_02.glb,
chata_r0_variant_03.glb,static,village_v2,499.7,colliders/chata_r0_variant_03.glb,lod/lod1/chata_r0_variant_03.glb,lod/lod2/chata_r0_variant_03.glb,
pien_r0_01.glb,static,village_v2,94.5,colliders/pien_r0_01.glb,lod/lod1/pien_r0_01.glb,lod/lod2/pien_r0_01.glb,
stol_warsztatowy_r0_01.glb,static,village_v2,208.3,colliders/stol_warsztatowy_r0_01.glb,lod/lod1/stol_warsztatowy_r0_01.glb,lod/lod2/stol_warsztatowy_r0_01.glb,
brzoza_r0_01.glb,static,village_v2,171.3,colliders/brzoza_r0_01.glb,lod/lod1/brzoza_r0_01.glb,lod/lod2/brzoza_r0_01.glb,
stos_drewna_r0_02.glb,static,village_v2,222.5,colliders/stos_drewna_r0_02.glb,lod/lod1/stos_drewna_r0_02.glb,lod/lod2/stos_drewna_r0_02.glb,
stoisko_targowe_r0_01.glb,static,village_v2,264.8,colliders/stoisko_targowe_r0_01.glb,lod/lod1/stoisko_targowe_r0_01.glb,lod/lod2/stoisko_targowe_r0_01.glb,
taboret_r0_01.glb,static,village_v2,210.5,colliders/taboret_r0_01.glb,lod/lod1/taboret_r0_01.glb,lod/lod2/taboret_r0_01.glb,
kowadlo_r0_01.glb,static,village_v2,37.3,colliders/kowadlo_r0_01.glb,lod/lod1/kowadlo_r0_01.glb,lod/lod2/kowadlo_r0_01.glb,
stodola_r0_01.glb,static,village_v2,328.5,colliders/stodola_r0_01.glb,lod/lod1/stodola_r0_01.glb,lod/lod2/stodola_r0_01.glb,
drogowskaz_r0_01.glb,static,village_v2,206.9,colliders/drogowskaz_r0_01.glb,lod/lod1/drogowskaz_r0_01.glb,lod/lod2/drogowskaz_r0_01.glb,
krzak_r0_01.glb,static,village_v2,72.1,colliders/krzak_r0_01.glb,lod/lod1/krzak_r0_01.glb,lod/lod2/krzak_r0_01.glb,
stojak_narzedzia_r0_01.glb,static,village_v2,247.5,colliders/stojak_narzedzia_r0_01.glb,lod/lod1/stojak_narzedzia_r0_01.glb,lod/lod2/stojak_narzedzia_r0_01.glb,
kuznia_r0_01.glb,static,village_v2,501.2,colliders/kuznia_r0_01.glb,lod/lod1/kuznia_r0_01.glb,lod/lod2/kuznia_r0_01.glb,
palenisko_r0_01.glb,static,village_v2,193.8,colliders/palenisko_r0_01.glb,lod/lod1/palenisko_r0_01.glb,lod/lod2/palenisko_r0_01.glb,
pomost_r0_01.glb,static,village_v2,228.1,colliders/pomost_r0_01.glb,lod/lod1/pomost_r0_01.glb,lod/lod2/pomost_r0_01.glb,
garnek_gliniany_r0_01.glb,static,village_v2,61.1,colliders/garnek_gliniany_r0_01.glb,lod/lod1/garnek_gliniany_r0_01.glb,lod/lod2/garnek_gliniany_r0_01.glb,
most_drewniany_r0_01.glb,static,village_v2,219.2,colliders/most_drewniany_r0_01.glb,lod/lod1/most_drewniany_r0_01.glb,lod/lod2/most_drewniany_r0_01.glb,
wieza_straznicza_r0_01.glb,static,village_v2,335.5,colliders/wieza_straznicza_r0_01.glb,lod/lod1/wieza_straznicza_r0_01.glb,lod/lod2/wieza_straznicza_r0_01.glb,
lozko_r0_01.glb,static,village_v2,265.5,colliders/lozko_r0_01.glb,lod/lod1/lozko_r0_01.glb,lod/lod2/lozko_r0_01.glb,
kamien_kultowy_r0_01.glb,static,village_v2,207.9,colliders/kamien_kultowy_r0_01.glb,lod/lod1/kamien_kultowy_r0_01.glb,lod/lod2/kamien_kultowy_r0_01.glb,
dab_r0_02.glb,static,village_v2,199.4,colliders/dab_r0_02.glb,lod/lod1/dab_r0_02.glb,lod/lod2/dab_r0_02.glb,
bela_siana_r0_01.glb,static,village_v2,210.7,colliders/bela_siana_r0_01.glb,lod/lod1/bela_siana_r0_01.glb,lod/lod2/bela_siana_r0_01.glb,
chata_r0_variant_04.glb,static,village_v2,507.5,colliders/chata_r0_variant_04.glb,lod/lod1/chata_r0_variant_04.glb,lod/lod2/chata_r0_variant_04.glb,
skrzynia_kufer_r0_01.glb,static,village_v2,241.7,colliders/skrzynia_kufer_r0_01.glb,lod/lod1/skrzynia_kufer_r0_01.glb,lod/lod2/skrzynia_kufer_r0_01.glb,
spichlerz_r0_01.glb,static,village_v2,432.6,colliders/spichlerz_r0_01.glb,lod/lod1/spichlerz_r0_01.glb,lod/lod2/spichlerz_r0_01.glb,
polka_r0_01.glb,static,village_v2,208.0,colliders/polka_r0_01.glb,lod/lod1/polka_r0_01.glb,lod/lod2/polka_r0_01.glb,
sosna_r0_01.glb,static,village_v2,199.4,colliders/sosna_r0_01.glb,lod/lod1/sosna_r0_01.glb,lod/lod2/sosna_r0_01.glb,
brama_wioskowa_r0_01.glb,static,village_v2,327.4,colliders/brama_wioskowa_r0_01.glb,lod/lod1/brama_wioskowa_r0_01.glb,lod/lod2/brama_wioskowa_r0_01.glb,
chata_r0_variant_01.glb,static,village_v2,505.4,colliders/chata_r0_variant_01.glb,lod/lod1/chata_r0_variant_01.glb,lod/lod2/chata_r0_variant_01.glb,
wozek_reczny_r0_01.glb,static,village_v2,274.6,colliders/wozek_reczny_r0_01.glb,lod/lod1/wozek_reczny_r0_01.glb,lod/lod2/wozek_reczny_r0_01.glb,
stajnia_r0_01.glb,static,village_v2,330.4,colliders/stajnia_r0_01.glb,lod/lod1/stajnia_r0_01.glb,lod/lod2/stajnia_r0_01.glb,
wiadro_r0_01.glb,static,village_v2,154.6,colliders/wiadro_r0_01.glb,lod/lod1/wiadro_r0_01.glb,lod/lod2/wiadro_r0_01.glb,
trzciny_r0_02.glb,static,environment_v3,171.5,colliders/trzciny_r0_02.glb,lod/lod1/trzciny_r0_02.glb,lod/lod2/trzciny_r0_02.glb,
znacznik_grobu_r0_01.glb,static,environment_v3,202.9,colliders/znacznik_grobu_r0_01.glb,lod/lod1/znacznik_grobu_r0_01.glb,lod/lod2/znacznik_grobu_r0_01.glb,
krzak_r0_04.glb,static,environment_v3,76.8,colliders/krzak_r0_04.glb,lod/lod1/krzak_r0_04.glb,lod/lod2/krzak_r0_04.glb,
wieszak_scienny_r0_01.glb,static,environment_v3,200.4,colliders/wieszak_scienny_r0_01.glb,lod/lod1/wieszak_scienny_r0_01.glb,lod/lod2/wieszak_scienny_r0_01.glb,
korzenie_r0_01.glb,static,environment_v3,91.4,colliders/korzenie_r0_01.glb,lod/lod1/korzenie_r0_01.glb,lod/lod2/korzenie_r0_01.glb,
ziola_suszone_r0_01.glb,static,environment_v3,237.1,colliders/ziola_suszone_r0_01.glb,lod/lod1/ziola_suszone_r0_01.glb,lod/lod2/ziola_suszone_r0_01.glb,
dab_stary_r0_02.glb,static,environment_v3,172.4,colliders/dab_stary_r0_02.glb,lod/lod1/dab_stary_r0_02.glb,lod/lod2/dab_stary_r0_02.glb,
stol_wnetrze_r0_01.glb,static,environment_v3,202.2,colliders/stol_wnetrze_r0_01.glb,lod/lod1/stol_wnetrze_r0_01.glb,lod/lod2/stol_wnetrze_r0_01.glb,
pien_bagienny_r0_01.glb,static,environment_v3,156.7,colliders/pien_bagienny_r0_01.glb,lod/lod1/pien_bagienny_r0_01.glb,lod/lod2/pien_bagienny_r0_01.glb,
kufer_r0_02.glb,static,environment_v3,234.7,colliders/kufer_r0_02.glb,lod/lod1/kufer_r0_02.glb,lod/lod2/kufer_r0_02.glb,
kladka_bagienna_01.glb,static,environment_v3,202.3,colliders/kladka_bagienna_01.glb,lod/lod1/kladka_bagienna_01.glb,lod/lod2/kladka_bagienna_01.glb,
dab_stary_r0_01.glb,static,environment_v3,172.4,colliders/dab_stary_r0_01.glb,lod/lod1/dab_stary_r0_01.glb,lod/lod2/dab_stary_r0_01.glb,
sosna_r0_02.glb,static,environment_v3,172.4,colliders/sosna_r0_02.glb,lod/lod1/sosna_r0_02.glb,lod/lod2/sosna_r0_02.glb,
krzak_r0_02.glb,static,environment_v3,76.8,colliders/krzak_r0_02.glb,lod/lod1/krzak_r0_02.glb,lod/lod2/krzak_r0_02.glb,
powalone_drzewo_r0_01.glb,static,environment_v3,90.5,colliders/powalone_drzewo_r0_01.glb,lod/lod1/powalone_drzewo_r0_01.glb,lod/lod2/powalone_drzewo_r0_01.glb,
mur_ruina_r0_03.glb,static,environment_v3,98.2,colliders/mur_ruina_r0_03.glb,lod/lod1/mur_ruina_r0_03.glb,lod/lod2/mur_ruina_r0_03.glb,
kladka_bagienna_03.glb,static,environment_v3,206.9,colliders/kladka_bagienna_03.glb,lod/lod1/kladka_bagienna_03.glb,lod/lod2/kladka_bagienna_03.glb,
kapliczka_ruina_r0_01.glb,static,environment_v3,177.7,colliders/kapliczka_ruina_r0_01.glb,lod/lod1/kapliczka_ruina_r0_01.glb,lod/lod2/kapliczka_ruina_r0_01.glb,
olsza_bagienna_r0_01.glb,static,environment_v3,172.4,colliders/olsza_bagienna_r0_01.glb,lod/lod1/olsza_bagienna_r0_01.glb,lod/lod2/olsza_bagienna_r0_01.glb,
kladka_bagienna_02.glb,static,environment_v3,204.9,colliders/kladka_bagienna_02.glb,lod/lod1/kladka_bagienna_02.glb,lod/lod2/kladka_bagienna_02.glb,
mur_ruina_r0_01.glb,static,environment_v3,91.9,colliders/mur_ruina_r0_01.glb,lod/lod1/mur_ruina_r0_01.glb,lod/lod2/mur_ruina_r0_01.glb,
kamienny_krag_fragment_r0_01.glb,static,environment_v3,92.8,colliders/kamienny_krag_fragment_r0_01.glb,lod/lod1/kamienny_krag_fragment_r0_01.glb,lod/lod2/kamienny_krag_fragment_r0_01.glb,
brzoza_r0_02.glb,static,environment_v3,172.4,colliders/brzoza_r0_02.glb,lod/lod1/brzoza_r0_02.glb,lod/lod2/brzoza_r0_02.glb,
stol_wnetrze_r0_02.glb,static,environment_v3,202.1,colliders/stol_wnetrze_r0_02.glb,lod/lod1/stol_wnetrze_r0_02.glb,lod/lod2/stol_wnetrze_r0_02.glb,
grzyby_r0_01.glb,static,environment_v3,115.9,colliders/grzyby_r0_01.glb,lod/lod1/grzyby_r0_01.glb,lod/lod2/grzyby_r0_01.glb,
krzak_r0_03.glb,static,environment_v3,76.8,colliders/krzak_r0_03.glb,lod/lod1/krzak_r0_03.glb,lod/lod2/krzak_r0_03.glb,
krosno_r0_01.glb,static,environment_v3,263.9,colliders/krosno_r0_01.glb,lod/lod1/krosno_r0_01.glb,lod/lod2/krosno_r0_01.glb,
znak_bagienny_r0_01.glb,static,environment_v3,175.0,colliders/znak_bagienny_r0_01.glb,lod/lod1/znak_bagienny_r0_01.glb,lod/lod2/znak_bagienny_r0_01.glb,
kladka_bagienna_uszkodzona_01.glb,static,environment_v3,119.1,colliders/kladka_bagienna_uszkodzona_01.glb,lod/lod1/kladka_bagienna_uszkodzona_01.glb,lod/lod2/kladka_bagienna_uszkodzona_01.glb,
lawa_wnetrze_r0_01.glb,static,environment_v3,198.8,colliders/lawa_wnetrze_r0_01.glb,lod/lod1/lawa_wnetrze_r0_01.glb,lod/lod2/lawa_wnetrze_r0_01.glb,
lawa_wnetrze_r0_02.glb,static,environment_v3,198.7,colliders/lawa_wnetrze_r0_02.glb,lod/lod1/lawa_wnetrze_r0_02.glb,lod/lod2/lawa_wnetrze_r0_02.glb,
pulapka_rybacka_r0_01.glb,static,environment_v3,72.6,colliders/pulapka_rybacka_r0_01.glb,lod/lod1/pulapka_rybacka_r0_01.glb,lod/lod2/pulapka_rybacka_r0_01.glb,
trzciny_r0_01.glb,static,environment_v3,171.5,colliders/trzciny_r0_01.glb,lod/lod1/trzciny_r0_01.glb,lod/lod2/trzciny_r0_01.glb,
wyspa_bagienna_r0_01.glb,static,environment_v3,142.0,colliders/wyspa_bagienna_r0_01.glb,lod/lod1/wyspa_bagienna_r0_01.glb,lod/lod2/wyspa_bagienna_r0_01.glb,
trzciny_r0_03.glb,static,environment_v3,171.5,colliders/trzciny_r0_03.glb,lod/lod1/trzciny_r0_03.glb,lod/lod2/trzciny_r0_03.glb,
naczynia_r0_01.glb,static,environment_v3,116.3,colliders/naczynia_r0_01.glb,lod/lod1/naczynia_r0_01.glb,lod/lod2/naczynia_r0_01.glb,
paproc_r0_01.glb,static,environment_v3,104.8,colliders/paproc_r0_01.glb,lod/lod1/paproc_r0_01.glb,lod/lod2/paproc_r0_01.glb,
mur_ruina_r0_02.glb,static,environment_v3,92.9,colliders/mur_ruina_r0_02.glb,lod/lod1/mur_ruina_r0_02.glb,lod/lod2/mur_ruina_r0_02.glb,
npc_mieszkaniec_r0_02.glb,static,gameplay_v4,194.8,colliders/npc_mieszkaniec_r0_02.glb,lod/lod1/npc_mieszkaniec_r0_02.glb,lod/lod2/npc_mieszkaniec_r0_02.glb,
misa_rytualna_r0_01.glb,static,gameplay_v4,91.1,colliders/misa_rytualna_r0_01.glb,lod/lod1/misa_rytualna_r0_01.glb,lod/lod2/misa_rytualna_r0_01.glb,
npc_lowca_r0_01.glb,static,gameplay_v4,307.5,colliders/npc_lowca_r0_01.glb,lod/lod1/npc_lowca_r0_01.glb,lod/lod2/npc_lowca_r0_01.glb,
wlocznia_r0_01.glb,static,gameplay_v4,150.0,colliders/wlocznia_r0_01.glb,lod/lod1/wlocznia_r0_01.glb,lod/lod2/wlocznia_r0_01.glb,
sakiewka_r0_01.glb,static,gameplay_v4,129.9,colliders/sakiewka_r0_01.glb,lod/lod1/sakiewka_r0_01.glb,lod/lod2/sakiewka_r0_01.glb,
kolczan_r0_01.glb,static,gameplay_v4,186.1,colliders/kolczan_r0_01.glb,lod/lod1/kolczan_r0_01.glb,lod/lod2/kolczan_r0_01.glb,
pulapka_lowiecka_r0_01.glb,static,gameplay_v4,258.5,colliders/pulapka_lowiecka_r0_01.glb,lod/lod1/pulapka_lowiecka_r0_01.glb,lod/lod2/pulapka_lowiecka_r0_01.glb,
buklak_r0_01.glb,static,gameplay_v4,73.6,colliders/buklak_r0_01.glb,lod/lod1/buklak_r0_01.glb,lod/lod2/buklak_r0_01.glb,
noz_r0_01.glb,static,gameplay_v4,101.5,colliders/noz_r0_01.glb,lod/lod1/noz_r0_01.glb,lod/lod2/noz_r0_01.glb,
siekiera_r0_01.glb,static,gameplay_v4,150.5,colliders/siekiera_r0_01.glb,lod/lod1/siekiera_r0_01.glb,lod/lod2/siekiera_r0_01.glb,
kamien_dowodowy_r0_01.glb,static,gameplay_v4,176.1,colliders/kamien_dowodowy_r0_01.glb,lod/lod1/kamien_dowodowy_r0_01.glb,lod/lod2/kamien_dowodowy_r0_01.glb,
npc_kupiec_r0_01.glb,static,gameplay_v4,192.3,colliders/npc_kupiec_r0_01.glb,lod/lod1/npc_kupiec_r0_01.glb,lod/lod2/npc_kupiec_r0_01.glb,
miecz_r0_01.glb,static,gameplay_v4,104.9,colliders/miecz_r0_01.glb,lod/lod1/miecz_r0_01.glb,lod/lod2/miecz_r0_01.glb,
amulet_rytualny_r0_01.glb,static,gameplay_v4,120.0,colliders/amulet_rytualny_r0_01.glb,lod/lod1/amulet_rytualny_r0_01.glb,lod/lod2/amulet_rytualny_r0_01.glb,
rog_mysliwski_r0_01.glb,static,gameplay_v4,122.4,colliders/rog_mysliwski_r0_01.glb,lod/lod1/rog_mysliwski_r0_01.glb,lod/lod2/rog_mysliwski_r0_01.glb,
miecz_r0_02.glb,static,gameplay_v4,104.9,colliders/miecz_r0_02.glb,lod/lod1/miecz_r0_02.glb,lod/lod2/miecz_r0_02.glb,
tarcza_r0_02.glb,static,gameplay_v4,159.2,colliders/tarcza_r0_02.glb,lod/lod1/tarcza_r0_02.glb,lod/lod2/tarcza_r0_02.glb,
luk_r0_01.glb,static,gameplay_v4,241.0,colliders/luk_r0_01.glb,lod/lod1/luk_r0_01.glb,lod/lod2/luk_r0_01.glb,
strzala_r0_01.glb,static,gameplay_v4,206.8,colliders/strzala_r0_01.glb,lod/lod1/strzala_r0_01.glb,lod/lod2/strzala_r0_01.glb,
wlocznia_r0_02.glb,static,gameplay_v4,150.0,colliders/wlocznia_r0_02.glb,lod/lod1/wlocznia_r0_02.glb,lod/lod2/wlocznia_r0_02.glb,
npc_starszy_r0_01.glb,static,gameplay_v4,308.1,colliders/npc_starszy_r0_01.glb,lod/lod1/npc_starszy_r0_01.glb,lod/lod2/npc_starszy_r0_01.glb,
tarcza_r0_01.glb,static,gameplay_v4,159.3,colliders/tarcza_r0_01.glb,lod/lod1/tarcza_r0_01.glb,lod/lod2/tarcza_r0_01.glb,
peczek_ziol_r0_01.glb,static,gameplay_v4,141.9,colliders/peczek_ziol_r0_01.glb,lod/lod1/peczek_ziol_r0_01.glb,lod/lod2/peczek_ziol_r0_01.glb,
torba_mysliwska_r0_01.glb,static,gameplay_v4,66.4,colliders/torba_mysliwska_r0_01.glb,lod/lod1/torba_mysliwska_r0_01.glb,lod/lod2/torba_mysliwska_r0_01.glb,
dziennik_r0_01.glb,static,gameplay_v4,121.5,colliders/dziennik_r0_01.glb,lod/lod1/dziennik_r0_01.glb,lod/lod2/dziennik_r0_01.glb,
luk_r0_02.glb,static,gameplay_v4,241.0,colliders/luk_r0_02.glb,lod/lod1/luk_r0_02.glb,lod/lod2/luk_r0_02.glb,
stojak_oprawianie_r0_01.glb,static,gameplay_v4,261.5,colliders/stojak_oprawianie_r0_01.glb,lod/lod1/stojak_oprawianie_r0_01.glb,lod/lod2/stojak_oprawianie_r0_01.glb,
pieczec_stara_r0_01.glb,static,gameplay_v4,94.1,colliders/pieczec_stara_r0_01.glb,lod/lod1/pieczec_stara_r0_01.glb,lod/lod2/pieczec_stara_r0_01.glb,
siekiera_r0_02.glb,static,gameplay_v4,150.5,colliders/siekiera_r0_02.glb,lod/lod1/siekiera_r0_02.glb,lod/lod2/siekiera_r0_02.glb,
wnyk_r0_01.glb,static,gameplay_v4,185.4,colliders/wnyk_r0_01.glb,lod/lod1/wnyk_r0_01.glb,lod/lod2/wnyk_r0_01.glb,
npc_mysliwy_r0_01.glb,static,gameplay_v4,194.7,colliders/npc_mysliwy_r0_01.glb,lod/lod1/npc_mysliwy_r0_01.glb,lod/lod2/npc_mysliwy_r0_01.glb,
fragment_mapy_mq20.glb,static,gameplay_v4,92.7,colliders/fragment_mapy_mq20.glb,lod/lod1/fragment_mapy_mq20.glb,lod/lod2/fragment_mapy_mq20.glb,
npc_mieszkaniec_r0_01.glb,static,gameplay_v4,191.5,colliders/npc_mieszkaniec_r0_01.glb,lod/lod1/npc_mieszkaniec_r0_01.glb,lod/lod2/npc_mieszkaniec_r0_01.glb,
klucz_stary_r0_01.glb,static,gameplay_v4,38.9,colliders/klucz_stary_r0_01.glb,lod/lod1/klucz_stary_r0_01.glb,lod/lod2/klucz_stary_r0_01.glb,
krag_rytualny_r0_01.glb,static,bestiary_v5,74.5,colliders/krag_rytualny_r0_01.glb,lod/lod1/krag_rytualny_r0_01.glb,lod/lod2/krag_rytualny_r0_01.glb,
kamien_runiczny_r0_01.glb,static,bestiary_v5,145.3,colliders/kamien_runiczny_r0_01.glb,lod/lod1/kamien_runiczny_r0_01.glb,lod/lod2/kamien_runiczny_r0_01.glb,
slady_pazurow_r0_01.glb,static,bestiary_v5,160.7,colliders/slady_pazurow_r0_01.glb,lod/lod1/slady_pazurow_r0_01.glb,lod/lod2/slady_pazurow_r0_01.glb,
swiece_rytualne_r0_01.glb,static,bestiary_v5,116.6,colliders/swiece_rytualne_r0_01.glb,lod/lod1/swiece_rytualne_r0_01.glb,lod/lod2/swiece_rytualne_r0_01.glb,
slady_krwi_proxy_r0_01.glb,static,bestiary_v5,54.5,colliders/slady_krwi_proxy_r0_01.glb,lod/lod1/slady_krwi_proxy_r0_01.glb,lod/lod2/slady_krwi_proxy_r0_01.glb,
ognik_proxy_r0_01.glb,static,bestiary_v5,79.1,colliders/ognik_proxy_r0_01.glb,lod/lod1/ognik_proxy_r0_01.glb,lod/lod2/ognik_proxy_r0_01.glb,
talizman_wiszacy_r0_01.glb,static,bestiary_v5,118.5,colliders/talizman_wiszacy_r0_01.glb,lod/lod1/talizman_wiszacy_r0_01.glb,lod/lod2/talizman_wiszacy_r0_01.glb,
amulet_kosciany_r0_01.glb,static,bestiary_v5,114.3,colliders/amulet_kosciany_r0_01.glb,lod/lod1/amulet_kosciany_r0_01.glb,lod/lod2/amulet_kosciany_r0_01.glb,
upior_proto_r0_01.glb,static,bestiary_v5,175.4,colliders/upior_proto_r0_01.glb,lod/lod1/upior_proto_r0_01.glb,lod/lod2/upior_proto_r0_01.glb,
fragment_wezla_r0_01.glb,static,bestiary_v5,152.4,colliders/fragment_wezla_r0_01.glb,lod/lod1/fragment_wezla_r0_01.glb,lod/lod2/fragment_wezla_r0_01.glb,
wilk_r0_01.glb,static,bestiary_v5,74.8,colliders/wilk_r0_01.glb,lod/lod1/wilk_r0_01.glb,lod/lod2/wilk_r0_01.glb,
boginka_proto_r0_01.glb,static,bestiary_v5,126.4,colliders/boginka_proto_r0_01.glb,lod/lod1/boginka_proto_r0_01.glb,lod/lod2/boginka_proto_r0_01.glb,
forest_guardian_proto_r0_01.glb,static,bestiary_v5,191.8,colliders/forest_guardian_proto_r0_01.glb,lod/lod1/forest_guardian_proto_r0_01.glb,lod/lod2/forest_guardian_proto_r0_01.glb,
zlamana_galaz_r0_01.glb,static,bestiary_v5,167.1,colliders/zlamana_galaz_r0_01.glb,lod/lod1/zlamana_galaz_r0_01.glb,lod/lod2/zlamana_galaz_r0_01.glb,
strzep_tkaniny_r0_01.glb,static,bestiary_v5,55.3,colliders/strzep_tkaniny_r0_01.glb,lod/lod1/strzep_tkaniny_r0_01.glb,lod/lod2/strzep_tkaniny_r0_01.glb,
jelen_r0_01.glb,static,bestiary_v5,134.1,colliders/jelen_r0_01.glb,lod/lod1/jelen_r0_01.glb,lod/lod2/jelen_r0_01.glb,
dzik_r0_01.glb,static,bestiary_v5,180.3,colliders/dzik_r0_01.glb,lod/lod1/dzik_r0_01.glb,lod/lod2/dzik_r0_01.glb,
mikstura_proxy_r0_01.glb,static,bestiary_v5,159.7,colliders/mikstura_proxy_r0_01.glb,lod/lod1/mikstura_proxy_r0_01.glb,lod/lod2/mikstura_proxy_r0_01.glb,
misa_ofiarna_r0_01.glb,static,bestiary_v5,158.9,colliders/misa_ofiarna_r0_01.glb,lod/lod1/misa_ofiarna_r0_01.glb,lod/lod2/misa_ofiarna_r0_01.glb,
orb_magic_proxy_r0_01.glb,static,bestiary_v5,81.6,colliders/orb_magic_proxy_r0_01.glb,lod/lod1/orb_magic_proxy_r0_01.glb,lod/lod2/orb_magic_proxy_r0_01.glb,
kruk_r0_01.glb,static,bestiary_v5,118.9,colliders/kruk_r0_01.glb,lod/lod1/kruk_r0_01.glb,lod/lod2/kruk_r0_01.glb,
poludnica_proto_r0_01.glb,static,bestiary_v5,121.9,colliders/poludnica_proto_r0_01.glb,lod/lod1/poludnica_proto_r0_01.glb,lod/lod2/poludnica_proto_r0_01.glb,
znak_ochronny_r0_01.glb,static,bestiary_v5,164.3,colliders/znak_ochronny_r0_01.glb,lod/lod1/znak_ochronny_r0_01.glb,lod/lod2/znak_ochronny_r0_01.glb,
zwęglone_drewno_rytualne_r0_01.glb,static,bestiary_v5,108.1,colliders/zwęglone_drewno_rytualne_r0_01.glb,lod/lod1/zwęglone_drewno_rytualne_r0_01.glb,lod/lod2/zwęglone_drewno_rytualne_r0_01.glb,
paliki_rytualne_r0_01.glb,static,bestiary_v5,173.3,colliders/paliki_rytualne_r0_01.glb,lod/lod1/paliki_rytualne_r0_01.glb,lod/lod2/paliki_rytualne_r0_01.glb,
oltar_rytualny_r0_01.glb,static,bestiary_v5,144.1,colliders/oltar_rytualny_r0_01.glb,lod/lod1/oltar_rytualny_r0_01.glb,lod/lod2/oltar_rytualny_r0_01.glb,
swamp_predator_proto_r0_01.glb,static,bestiary_v5,123.4,colliders/swamp_predator_proto_r0_01.glb,lod/lod1/swamp_predator_proto_r0_01.glb,lod/lod2/swamp_predator_proto_r0_01.glb,
sakiewka_ziol_r0_01.glb,static,bestiary_v5,170.8,colliders/sakiewka_ziol_r0_01.glb,lod/lod1/sakiewka_ziol_r0_01.glb,lod/lod2/sakiewka_ziol_r0_01.glb,
topielec_proto_r0_01.glb,static,bestiary_v5,189.6,colliders/topielec_proto_r0_01.glb,lod/lod1/topielec_proto_r0_01.glb,lod/lod2/topielec_proto_r0_01.glb,
trop_bagienny_r0_01.glb,static,bestiary_v5,66.1,colliders/trop_bagienny_r0_01.glb,lod/lod1/trop_bagienny_r0_01.glb,lod/lod2/trop_bagienny_r0_01.glb,
raven_animated.glb,animated,animated_v6,9.9,colliders/raven_animated.glb,,,
wolf_animated.glb,animated,animated_v6,12.8,colliders/wolf_animated.glb,,,
swamp_predator_animated.glb,animated,animated_v6,12.8,colliders/swamp_predator_animated.glb,,,
poludnica_animated.glb,animated,animated_v6,21.7,colliders/poludnica_animated.glb,,,
upior_animated.glb,animated,animated_v6,21.7,colliders/upior_animated.glb,,,
boginka_animated.glb,animated,animated_v6,21.7,colliders/boginka_animated.glb,,,
npc_merchant_animated.glb,animated,animated_v6,21.6,colliders/npc_merchant_animated.glb,,,
topielec_animated.glb,animated,animated_v6,21.7,colliders/topielec_animated.glb,,,
npc_hunter_animated.glb,animated,animated_v6,22.6,colliders/npc_hunter_animated.glb,,,
boar_animated.glb,animated,animated_v6,12.8,colliders/boar_animated.glb,,,
npc_villager_b_animated.glb,animated,animated_v6,21.7,colliders/npc_villager_b_animated.glb,,,
forest_guardian_animated.glb,animated,animated_v6,21.7,colliders/forest_guardian_animated.glb,,,
deer_animated.glb,animated,animated_v6,12.8,colliders/deer_animated.glb,,,
npc_villager_a_animated.glb,animated,animated_v6,21.7,colliders/npc_villager_a_animated.glb,,,
npc_elder_animated.glb,animated,animated_v6,21.8,colliders/npc_elder_animated.glb,,,
player_hunter_animated.glb,animated,animated_v6,22.6,colliders/player_hunter_animated.glb,,,
terrain_grass_4m.glb,static,integration_v6,1.2,colliders/terrain_grass_4m.glb,lod/lod1/terrain_grass_4m.glb,lod/lod2/terrain_grass_4m.glb,terrain;r0
terrain_dirt_4m.glb,static,integration_v6,1.2,colliders/terrain_dirt_4m.glb,lod/lod1/terrain_dirt_4m.glb,lod/lod2/terrain_dirt_4m.glb,terrain;r0
terrain_mud_4m.glb,static,integration_v6,1.2,colliders/terrain_mud_4m.glb,lod/lod1/terrain_mud_4m.glb,lod/lod2/terrain_mud_4m.glb,terrain;r0
water_plane_4m.glb,static,integration_v6,1.2,colliders/water_plane_4m.glb,lod/lod1/water_plane_4m.glb,lod/lod2/water_plane_4m.glb,terrain;r0
path_straight_4m.glb,static,integration_v6,1.2,colliders/path_straight_4m.glb,lod/lod1/path_straight_4m.glb,lod/lod2/path_straight_4m.glb,road;r0
path_curve_90.glb,static,integration_v6,4.7,colliders/path_curve_90.glb,lod/lod1/path_curve_90.glb,lod/lod2/path_curve_90.glb,road;r0
terrain_ramp.glb,static,integration_v6,1.2,colliders/terrain_ramp.glb,lod/lod1/terrain_ramp.glb,lod/lod2/terrain_ramp.glb,terrain;slope;r0
cliff_chunk_r0_01.glb,static,integration_v6,5.1,colliders/cliff_chunk_r0_01.glb,lod/lod1/cliff_chunk_r0_01.glb,lod/lod2/cliff_chunk_r0_01.glb,cliff;r0
riverbank_rocky_r0_01.glb,static,integration_v6,7.8,colliders/riverbank_rocky_r0_01.glb,lod/lod1/riverbank_rocky_r0_01.glb,lod/lod2/riverbank_rocky_r0_01.glb,riverbank;r0
cave_entrance_r0_01.glb,static,integration_v6,12.4,colliders/cave_entrance_r0_01.glb,lod/lod1/cave_entrance_r0_01.glb,lod/lod2/cave_entrance_r0_01.glb,cave;r0
fence_broken_r0_01.glb,static,integration_v6,6.3,colliders/fence_broken_r0_01.glb,lod/lod1/fence_broken_r0_01.glb,lod/lod2/fence_broken_r0_01.glb,fence;r0
bridge_broken_r0_01.glb,static,integration_v6,5.8,colliders/bridge_broken_r0_01.glb,lod/lod1/bridge_broken_r0_01.glb,lod/lod2/bridge_broken_r0_01.glb,bridge;r0
campfire_unlit_r0_01.glb,static,integration_v6,11.5,colliders/campfire_unlit_r0_01.glb,lod/lod1/campfire_unlit_r0_01.glb,lod/lod2/campfire_unlit_r0_01.glb,camp;r0
basket_r0_01.glb,static,integration_v6,11.2,colliders/basket_r0_01.glb,lod/lod1/basket_r0_01.glb,lod/lod2/basket_r0_01.glb,prop;storage;r0
sack_r0_01.glb,static,integration_v6,4.0,colliders/sack_r0_01.glb,lod/lod1/sack_r0_01.glb,lod/lod2/sack_r0_01.glb,prop;storage;r0
torch_unlit_r0_01.glb,static,integration_v6,2.8,colliders/torch_unlit_r0_01.glb,lod/lod1/torch_unlit_r0_01.glb,lod/lod2/torch_unlit_r0_01.glb,prop;light;r0
lantern_proxy_r0_01.glb,static,integration_v6,2.7,colliders/lantern_proxy_r0_01.glb,lod/lod1/lantern_proxy_r0_01.glb,lod/lod2/lantern_proxy_r0_01.glb,prop;light;r0
rope_coil_r0_01.glb,static,integration_v6,9.9,colliders/rope_coil_r0_01.glb,lod/lod1/rope_coil_r0_01.glb,lod/lod2/rope_coil_r0_01.glb,prop;r0
